[
	{
		 "codigo":"ADMI1101"
		,"nombre":"FUNDAM.ADMON Y GERENCIA (ADMI)"
	},
	{
		 "codigo":"ADMI1102"
		,"nombre":"FUNDAM.ADMON Y GERENCIA"
	},
	{
		 "codigo":"ADMI1102C"
		,"nombre":"FUNDAM.ADMON Y GERENCIA COMPL"
	},
	{
		 "codigo":"ADMI1190"
		,"nombre":"SERVICIOS ECOSISTÉMICOS"
	},
	{
		 "codigo":"ADMI1203"
		,"nombre":"FINANZAS 1: PLANEACION"
	},
	{
		 "codigo":"ADMI1401"
		,"nombre":"TALLER HABILIDADES INFORMATICA"
	},
	{
		 "codigo":"ADMI1590"
		,"nombre":"TALLER DE CREATIVIDAD"
	},
	{
		 "codigo":"ADMI1602"
		,"nombre":"TALLER AUTOCONOCIMIENTO"
	},
	{
		 "codigo":"ADMI1603"
		,"nombre":"COMPORT. ORGANIZACIONAL"
	},
	{
		 "codigo":"ADMI2104B"
		,"nombre":"HISTORIA DESARROLLO EMPRES.COL"
	},
	{
		 "codigo":"ADMI2106"
		,"nombre":"RESPONSABILIDAD SOCIAL"
	},
	{
		 "codigo":"ADMI2107"
		,"nombre":"GERENCIA DE RECURSOS HUMANOS"
	},
	{
		 "codigo":"ADMI2204"
		,"nombre":"FINANZAS 2: INVERSION"
	},
	{
		 "codigo":"ADMI2205"
		,"nombre":"FINANZAS 3: ESTRATEGIA"
	},
	{
		 "codigo":"ADMI2206"
		,"nombre":"COMPORTAMIENTO DEL CONSUMIDOR"
	},
	{
		 "codigo":"ADMI2207"
		,"nombre":"COLOMBIA Y SUS INSTITUCIONES"
	},
	{
		 "codigo":"ADMI2301"
		,"nombre":"FUNDAMENTOS DE MERCADEO"
	},
	{
		 "codigo":"ADMI2302"
		,"nombre":"INVESTIGACION DE MERCADOS"
	},
	{
		 "codigo":"ADMI2403"
		,"nombre":"OPERACIONES Y LOGISTICA"
	},
	{
		 "codigo":"ADMI2501"
		,"nombre":"ANALISIS ENTORNO COLOMBIANO"
	},
	{
		 "codigo":"ADMI2557"
		,"nombre":"HERRAMIENTAS TOMA DECI II"
	},
	{
		 "codigo":"ADMI2605"
		,"nombre":"ORGANIZACIONES"
	},
	{
		 "codigo":"ADMI2801"
		,"nombre":"LA GESTION DE LO PUBLICO"
	},
	{
		 "codigo":"ADMI3107"
		,"nombre":"CASOS Y PROYECTOS EN ADMON"
	},
	{
		 "codigo":"ADMI3109"
		,"nombre":"PLANES DE NEGOCIOS"
	},
	{
		 "codigo":"ADMI3110"
		,"nombre":"EMPRENDIMIENTO E INNOVACION"
	},
	{
		 "codigo":"ADMI3122"
		,"nombre":"JUEGO GERENCIAL"
	},
	{
		 "codigo":"ADMI3133B"
		,"nombre":"GERENCIA AMBIENTAL"
	},
	{
		 "codigo":"ADMI3137"
		,"nombre":"MODELOS DE LIDERAZGO"
	},
	{
		 "codigo":"ADMI3200"
		,"nombre":"OPCION DE GRADO"
	},
	{
		 "codigo":"ADMI3205"
		,"nombre":"FINANZAS PERSONALES"
	},
	{
		 "codigo":"ADMI3207"
		,"nombre":"MERCADO DE CAPITALES"
	},
	{
		 "codigo":"ADMI3210"
		,"nombre":"MERCADOS DERIVADOS"
	},
	{
		 "codigo":"ADMI3237"
		,"nombre":"MARKETING COMMUNICATIONS"
	},
	{
		 "codigo":"ADMI3313"
		,"nombre":"SALES AND DISTRIBUTION MANAGEM"
	},
	{
		 "codigo":"ADMI3327"
		,"nombre":"OPCIONES REALES"
	},
	{
		 "codigo":"ADMI3336"
		,"nombre":"MARKETING CULTURE AND THE ARTS"
	},
	{
		 "codigo":"ADMI3405"
		,"nombre":"SISTEMAS INFORMACION GERENCIAL"
	},
	{
		 "codigo":"ADMI3406"
		,"nombre":"INTEL.NEGOC.MERCAD.RELAC.(CRM)"
	},
	{
		 "codigo":"ADMI3431"
		,"nombre":"MARKETING DIGITAL"
	},
	{
		 "codigo":"ADMI3502"
		,"nombre":"ESTRATEGIA"
	},
	{
		 "codigo":"ADMI3503"
		,"nombre":"SERVICE MANAGEMENT"
	},
	{
		 "codigo":"ADMI3601"
		,"nombre":"TALL. HABILIDADES GERENC."
	},
	{
		 "codigo":"ADMI3604"
		,"nombre":"TALLER DE INNOVACION"
	},
	{
		 "codigo":"ADMI3606"
		,"nombre":"ESTRATEGIAS DE NEGOCIACION"
	},
	{
		 "codigo":"ADMI3611"
		,"nombre":"ALIMENTOS Y OPORTUN.EMPRENDED."
	},
	{
		 "codigo":"ADMI3615"
		,"nombre":"MERCADEO DEPORTIVO"
	},
	{
		 "codigo":"ADMI3701"
		,"nombre":"NEGOCIOS INTERNACIONALES"
	},
	{
		 "codigo":"ADMI3990"
		,"nombre":"INSCRIPCION A GRADO"
	},
	{
		 "codigo":"ADMI3991"
		,"nombre":"PRACTICA EMPRESARIAL"
	}
]
