[
 {
   "codigo": "FISI1000",
   "nombre": "PREFISICA"
 },
 {
   "codigo": "FISI1002",
   "nombre": "INTRODUCCION A FISICA"
 },
 {
   "codigo": "FISI1003",
   "nombre": "COLOQUIO 1 DE FISICA"
 },
 {
   "codigo": "FISI1005",
   "nombre": "COLOQUIO 2 DE FISICA"
 },
 {
   "codigo": "FISI1012",
   "nombre": "FISICA BASICA 1"
 },
 {
   "codigo": "FISI1013",
   "nombre": "LABORATORIO DE FISICA BASICA 1"
 },
 {
   "codigo": "FISI1018",
   "nombre": "FISICA I"
 },
 {
   "codigo": "FISI1019",
   "nombre": "FISICA EXPERIMENTAL I"
 },
 {
   "codigo": "FISI1022",
   "nombre": "FISICA BASICA 2"
 },
 {
   "codigo": "FISI1023",
   "nombre": "LABORATORIO DE FISICA BASICA 2"
 },
 {
   "codigo": "FISI1028",
   "nombre": "FISICA II"
 },
 {
   "codigo": "FISI1029",
   "nombre": "FISICA EXPERIMENTAL II"
 },
 {
   "codigo": "FISI1038",
   "nombre": "ONDAS Y FLUIDOS"
 },
 {
   "codigo": "FISI1039",
   "nombre": "LABORATORIO DE ONDAS Y FLUIDOS"
 },
 {
   "codigo": "FISI1048",
   "nombre": "FISICA MODERNA"
 },
 {
   "codigo": "FISI1049",
   "nombre": "LABORATORIO DE FISICA MODERNA"
 },
 {
   "codigo": "FISI1860",
   "nombre": "ELECTRONICA PARA CIENCIAS"
 },
 {
   "codigo": "FISI1914",
   "nombre": "TALLER DE ASTRONOMIA"
 },
 {
   "codigo": "FISI2007",
   "nombre": "METODOS MATEMATICOS"
 },
 {
   "codigo": "FISI2026",
   "nombre": "HERRAMIENTAS COMPUTACIONALES"
 },
 {
   "codigo": "FISI2028",
   "nombre": "MÉTODOS COMPUTACIONALES"
 },
 {
   "codigo": "FISI2029",
   "nombre": "LAB. MÉTODOS COMPUTACIONALES"
 },
 {
   "codigo": "FISI2040",
   "nombre": "TERMODINAMICA"
 },
 {
   "codigo": "FISI2051",
   "nombre": "LABORATORIO INTERMEDIO"
 },
 {
   "codigo": "FISI2405",
   "nombre": "MECANICA"
 },
 {
   "codigo": "FISI2432",
   "nombre": "ELECTROMAGNETISMO 1"
 },
 {
   "codigo": "FISI2450",
   "nombre": "OPTICA MODERNA"
 },
 {
   "codigo": "FISI3000",
   "nombre": "PRACTICA DOCENTE FISICA"
 },
 {
   "codigo": "FISI3010",
   "nombre": "MECANICA CUANTICA I"
 },
 {
   "codigo": "FISI3011",
   "nombre": "SEMINARIO DE FISICA TEORICA"
 },
 {
   "codigo": "FISI3013",
   "nombre": "SEM.TEORIA CUANTICA DE CAMPOS"
 },
 {
   "codigo": "FISI3020",
   "nombre": "MECANICA CUANTICA II"
 },
 {
   "codigo": "FISI3036",
   "nombre": "TOP. ESP. EN MECANICA CUANTICA"
 },
 {
   "codigo": "FISI3040",
   "nombre": "FISICA ESTADISTICA"
 },
 {
   "codigo": "FISI3086",
   "nombre": "ESTRUCTURA DEL ESPACIO-TIEMPO"
 },
 {
   "codigo": "FISI3098",
   "nombre": "MONOGRAFIA"
 },
 {
   "codigo": "FISI3100",
   "nombre": "SEMINARIO DE INVESTIGACIÓN"
 },
 {
   "codigo": "FISI3101",
   "nombre": "SEMINARIO DE ALTAS ENERGIAS"
 },
 {
   "codigo": "FISI3152",
   "nombre": "FISICA DE PARTICULAS"
 },
 {
   "codigo": "FISI3161",
   "nombre": "DETECTORES DE PARTÍCULAS"
 },
 {
   "codigo": "FISI3401",
   "nombre": "SEMINARIO 1. OPTICA CUANTICA"
 },
 {
   "codigo": "FISI3434",
   "nombre": "ELECTROMAGNETISMO 2"
 },
 {
   "codigo": "FISI3701",
   "nombre": "SEMINARIO MATERIA CONDENSADA"
 },
 {
   "codigo": "FISI3760",
   "nombre": "FISICA DEL ESTADO SOLIDO"
 },
 {
   "codigo": "FISI3801",
   "nombre": "SEMINARIO DE BIOFISICA"
 },
 {
   "codigo": "FISI3814",
   "nombre": "MICROSCOPIA MODERNA"
 },
 {
   "codigo": "FISI3901",
   "nombre": "SEM.1 ASTRONOMIA Y ASTROFISICA"
 },
 {
   "codigo": "FISI3991",
   "nombre": "PRACTIVA PROFESIONAL 6"
 },
 {
   "codigo": "FISI3992",
   "nombre": "PRACTICA PROFESIONAL 3"
 },
 {
   "codigo": "FISI3993",
   "nombre": "PRACTICA EMPRESARIAL I"
 },
 {
   "codigo": "FISI4011",
   "nombre": "SEMINARIO 1 DE FISICA TEORICA"
 },
 {
   "codigo": "FISI4012",
   "nombre": "SEMINARIO 2 DE FISICA TEORICA"
 },
 {
   "codigo": "FISI4013",
   "nombre": "SEM1.TEORIA CUANTICA DE CAMPOS"
 },
 {
   "codigo": "FISI4014",
   "nombre": "SEM2.TEORIA CUANTICA DE CAMPOS"
 },
 {
   "codigo": "FISI4036",
   "nombre": "TOP. ESP. EN MECANICA CUANTICA"
 },
 {
   "codigo": "FISI4040",
   "nombre": "MECANICA ESTADISTICA"
 },
 {
   "codigo": "FISI4051",
   "nombre": "LABORATORIO AVANZADO"
 },
 {
   "codigo": "FISI4086",
   "nombre": "ESTRUCTURA DEL ESPACIO-TIEMPO"
 },
 {
   "codigo": "FISI4098",
   "nombre": "TRABAJO DE GRADO (1)"
 },
 {
   "codigo": "FISI4099",
   "nombre": "TRABAJO DE GRADO (2)"
 },
 {
   "codigo": "FISI4101",
   "nombre": "SEMINARIO 1 ALTAS ENERGIAS"
 },
 {
   "codigo": "FISI4102",
   "nombre": "SEMINARIO 2 ALTAS ENERGIAS"
 },
 {
   "codigo": "FISI4161",
   "nombre": "DETECTORES DE PARTÍCULAS"
 },
 {
   "codigo": "FISI4163",
   "nombre": "ASTROFÍSICA DE PARTÍCULAS"
 },
 {
   "codigo": "FISI4401",
   "nombre": "SEMINARIO DE OPTICA CUANTICA"
 },
 {
   "codigo": "FISI4402",
   "nombre": "SEMINARIO 2 DE OPTICA CUANTICA"
 },
 {
   "codigo": "FISI4430",
   "nombre": "ELECTRODINAMICA"
 },
 {
   "codigo": "FISI4601",
   "nombre": "SEMINARIO 1 DE GEOFISICA"
 },
 {
   "codigo": "FISI4602",
   "nombre": "SEMINARIO 2 DE GEOFISICA"
 },
 {
   "codigo": "FISI4701",
   "nombre": "SEMINARIO 1 MATERIA CONDENSADA"
 },
 {
   "codigo": "FISI4702",
   "nombre": "SEMINARIO 2 MATERIA CONDENSADA"
 },
 {
   "codigo": "FISI4801",
   "nombre": "SEMINARIO 1 DE BIOFISICA"
 },
 {
   "codigo": "FISI4802",
   "nombre": "SEMINARIO 2 DE BIOFISICA"
 },
 {
   "codigo": "FISI4814",
   "nombre": "MICROSCOPIA MODERNA"
 },
 {
   "codigo": "FISI4901",
   "nombre": "SEM.1 ASTRONOMIA Y ASTROFISICA"
 },
 {
   "codigo": "FISI4902",
   "nombre": "SEM.2 ASTRONOMIA Y ASTROFISICA"
 },
 {
   "codigo": "FISI4961",
   "nombre": "CURSO TUTORIAL I"
 },
 {
   "codigo": "FISI4998",
   "nombre": "METODOS ASTROFISICOS AVANZADOS"
 },
 {
   "codigo": "FISI6111",
   "nombre": "SEMINARIO AVANZADO 1"
 },
 {
   "codigo": "FISI6112",
   "nombre": "SEMINARIO AVANZADO 2"
 },
 {
   "codigo": "FISI6113",
   "nombre": "SEMINARIO AVANZADO 3"
 },
 {
   "codigo": "FISI6114",
   "nombre": "SEMINARIO AVANZADO 4"
 },
 {
   "codigo": "FISI6115",
   "nombre": "SEMINARIO AVANZADO 5"
 },
 {
   "codigo": "FISI6116",
   "nombre": "SEMINARIO AVANZADO 6"
 },
 {
   "codigo": "FISI6117",
   "nombre": "SEMINARIO AVANZADO 7"
 },
 {
   "codigo": "FISI6118",
   "nombre": "SEMINARIO AVANZADO 8"
 },
 {
   "codigo": "FISI6119",
   "nombre": "SEMINARIO AVANZADO 9"
 },
 {
   "codigo": "FISI6201",
   "nombre": "INVESTIGACION 1"
 },
 {
   "codigo": "FISI6202",
   "nombre": "INVESTIGACION 2"
 },
 {
   "codigo": "FISI6961",
   "nombre": "CURSO DIRIGIDO I"
 },
 {
   "codigo": "FISI6962",
   "nombre": "CURSO DIRIGIDO II"
 },
 {
   "codigo": "FISI6970",
   "nombre": "EXAMEN DE CONOCIMIENTOS"
 },
 {
   "codigo": "FISI6971",
   "nombre": "PASANTIA"
 },
 {
   "codigo": "FISI6972",
   "nombre": "EXAMEN DE CANDIDATURA"
 },
 {
   "codigo": "FISI6973",
   "nombre": "PASANTIA II"
 },
 {
   "codigo": "FISI6974",
   "nombre": "PASANTIA III"
 },
 {
   "codigo": "FISI6975",
   "nombre": "PASANTIA IV"
 },
 {
   "codigo": "FISI6981",
   "nombre": "TESIS I"
 },
 {
   "codigo": "FISI6982",
   "nombre": "TESIS II"
 },
 {
   "codigo": "FISI6983",
   "nombre": "TESIS III"
 },
 {
   "codigo": "FISI6984",
   "nombre": "TESIS IV"
 },
 {
   "codigo": "FISI6985",
   "nombre": "TESIS V"
 },
 {
   "codigo": "FISI6986",
   "nombre": "TESIS VI"
 },
 {
   "codigo": "FISI6987",
   "nombre": "TESIS VII"
 },
 {
   "codigo": "FISI6990",
   "nombre": "SUSTENTACIÓN DE TESIS"
 },
 {
   "codigo": "FISI1000C",
   "nombre": "COMPL. PREFISICA"
 },
 {
   "codigo": "FISI1004A",
   "nombre": "GRANDES IDEAS DE LA FISICA"
 },
 {
   "codigo": "FISI1012C",
   "nombre": "COMPL. FÍSICA BÁSICA 1"
 },
 {
   "codigo": "FISI1018C",
   "nombre": "COMPL. FÍSICA I"
 },
 {
   "codigo": "FISI1022C",
   "nombre": "COMPL. FÍSICA BÁSICA 2"
 },
 {
   "codigo": "FISI1028C",
   "nombre": "COMPL. FÍSICA II"
 },
 {
   "codigo": "FISI1038C",
   "nombre": "COMPL. ONDAS Y FLUIDOS"
 },
 {
   "codigo": "FISI1048C",
   "nombre": "COMPL. FÍSICA MODERNA"
 },
 {
   "codigo": "FISI1060B",
   "nombre": "SIGLO DE ORO DE LA FÍSICA"
 },
 {
   "codigo": "FISI1090A",
   "nombre": "COSMOS: EL UNIVERSO FISICO"
 },
 {
   "codigo": "FISI1092A",
   "nombre": "ENERGIA UNA PERSPECTIVA GLOBAL"
 },
 {
   "codigo": "FISI1612B",
   "nombre": "FÍSICA PARA FUTUROS PRESIDENTE"
 },
 {
   "codigo": "FISI1801B",
   "nombre": "NANOTECNOLOGIA"
 },
 {
   "codigo": "FISI1912B",
   "nombre": "MUNDOS LEJANOS"
 },
 {
   "codigo": "FISI1913B",
   "nombre": "ASTROBIOLOGÍA: VIDA EN EL UNIV"
 },
 {
   "codigo": "FISI1916B",
   "nombre": "ASTRONOMIA POPULAR"
 },
 {
   "codigo": "FISI3814L",
   "nombre": "LAB. MICROSCOPIA MODERNA"
 },
 {
   "codigo": "FISI4814L",
   "nombre": "LAB. MICROSCOPIA MODERNA"
 }
]