[
 {
   "codigo": "ISIS1001",
   "nombre": "INTROD. INGENIERIA DE SISTEMAS"
 },
 {
   "codigo": "ISIS1104",
   "nombre": "MATEMÁTICA ESTRUCTURAL Y LÓGIC"
 },
 {
   "codigo": "ISIS1105",
   "nombre": "DISEÑO Y ANALISIS DE ALGORI."
 },
 {
   "codigo": "ISIS1106",
   "nombre": "LENGUAJES Y MÁQUINAS"
 },
 {
   "codigo": "ISIS1204",
   "nombre": "ALGORITMICA Y PROGR. OBJ. I"
 },
 {
   "codigo": "ISIS1205",
   "nombre": "ALGORITMICA Y PROGR. OBJ. II"
 },
 {
   "codigo": "ISIS1206",
   "nombre": "ESTRUCTURAS DE DATOS"
 },
 {
   "codigo": "ISIS1207",
   "nombre": "ALG. Y PROGR. OBJ. I (HONORES)"
 },
 {
   "codigo": "ISIS1209",
   "nombre": "ALG. Y PROG. OBJ. II (HONORES)"
 },
 {
   "codigo": "ISIS1211",
   "nombre": "CUPI TALLER"
 },
 {
   "codigo": "ISIS1304",
   "nombre": "FUND INFRAESTRUCTURA TECNOLÓGI"
 },
 {
   "codigo": "ISIS1404",
   "nombre": "TI EN LAS ORGANIZACIONES"
 },
 {
   "codigo": "ISIS2007",
   "nombre": "DISEÑO PROD. E INNOVACIÓN TI"
 },
 {
   "codigo": "ISIS2008",
   "nombre": "VISIÓN ISIS"
 },
 {
   "codigo": "ISIS2070",
   "nombre": "MONITORIA INGENIERIA SISTEMAS1"
 },
 {
   "codigo": "ISIS2071",
   "nombre": "MONITORIA INGENIERIA SISTEMAS2"
 },
 {
   "codigo": "ISIS2203",
   "nombre": "INFRAESTRUCTURA COMPUTACIONAL"
 },
 {
   "codigo": "ISIS2304",
   "nombre": "SISTEMAS TRANSACCIONALES"
 },
 {
   "codigo": "ISIS2403",
   "nombre": "ARQUITECTURA EMPRESARIAL"
 },
 {
   "codigo": "ISIS2503",
   "nombre": "ARQUITECTURA Y DISEÑO DE SW"
 },
 {
   "codigo": "ISIS2603",
   "nombre": "DESARROLLO DE SW EN EQUIPO"
 },
 {
   "codigo": "ISIS2804",
   "nombre": "LAB MARATONES PROGRAMACION"
 },
 {
   "codigo": "ISIS3007",
   "nombre": "PROYECTO DE GRADO"
 },
 {
   "codigo": "ISIS3204",
   "nombre": "INFRAESTRUCTURA COMUNICACIONES"
 },
 {
   "codigo": "ISIS3301",
   "nombre": "INTELIGENCIA DE NEGOCIOS"
 },
 {
   "codigo": "ISIS3302",
   "nombre": "MODELADO, SIMULACION Y OPTIMIZ"
 },
 {
   "codigo": "ISIS3510",
   "nombre": "CONSTR. APLICACIONES MÓVILES"
 },
 {
   "codigo": "ISIS3710",
   "nombre": "PROGR CON TECNOLOGIAS WEB"
 },
 {
   "codigo": "ISIS3990",
   "nombre": "INSCRIPCION A GRADO"
 },
 {
   "codigo": "ISIS3991",
   "nombre": "PRACTICA PROFESIONAL"
 },
 {
   "codigo": "ISIS4000",
   "nombre": "TESIS I"
 },
 {
   "codigo": "ISIS4001",
   "nombre": "TESIS II"
 },
 {
   "codigo": "ISIS4002",
   "nombre": "TUTORIAL"
 },
 {
   "codigo": "ISIS4004",
   "nombre": "TUTORIAL ESPECIAL"
 },
 {
   "codigo": "ISIS4005",
   "nombre": "INTERCAMBIO INTERNACIONAL"
 },
 {
   "codigo": "ISIS4009",
   "nombre": "TESIS DOBLE DIPLOMA"
 },
 {
   "codigo": "ISIS4422",
   "nombre": "SERV MOVILES Y DE PROXIMA GENE"
 },
 {
   "codigo": "ISIS4426",
   "nombre": "DESARROLLO DE SOLUCIONES CLOUD"
 },
 {
   "codigo": "ISIS4822",
   "nombre": "VISUAL ANALYTICS"
 },
 {
   "codigo": "ISIS4826",
   "nombre": "ROBÓTICA MÓVIL Y SIST. AUTONMS"
 },
 {
   "codigo": "ISIS4920",
   "nombre": "SEMINARIO IMAGINE"
 },
 {
   "codigo": "ISIS6402",
   "nombre": "PASANTÍA SEMESTRAL"
 },
 {
   "codigo": "ISIS6970",
   "nombre": "EXAMEN DE PROPUESTA DOCTORAL"
 },
 {
   "codigo": "ISIS6980",
   "nombre": "TESIS 4CR"
 },
 {
   "codigo": "ISIS6981",
   "nombre": "TESIS 8CR"
 },
 {
   "codigo": "ISIS6982",
   "nombre": "TESIS 12CR"
 },
 {
   "codigo": "ISIS6990",
   "nombre": "SUSTENTACION DE TESIS"
 },
 {
   "codigo": "ISIS6997",
   "nombre": "PASANTIA ESTUDIANTES EXTERNOS"
 },
 {
   "codigo": "ISIS1001L",
   "nombre": "LAB. INTROD. A ING.DE SISTEMAS"
 },
 {
   "codigo": "ISIS1104L",
   "nombre": "LAB MATEMÁTICA ESTRUCT Y LOGIC"
 },
 {
   "codigo": "ISIS1204L",
   "nombre": "LAB ALGORITMICA Y PROG. OBJ I"
 },
 {
   "codigo": "ISIS1205L",
   "nombre": "LAB ALGORITMICA Y PROG. OBJ II"
 },
 {
   "codigo": "ISIS1206L",
   "nombre": "LAB. ESTRUCTURAS DATOS"
 },
 {
   "codigo": "ISIS1207L",
   "nombre": "LAB ALG. Y PROGR. OBJ. I (HON)"
 },
 {
   "codigo": "ISIS1209L",
   "nombre": "LAB ALG.Y PROGR. OBJ. II (HON)"
 },
 {
   "codigo": "ISIS1404L",
   "nombre": "LAB TI EN LAS ORGANIZACIONES"
 },
 {
   "codigo": "ISIS1603B",
   "nombre": "LAS MIL CARAS DE INTERNET"
 },
 {
   "codigo": "ISIS1604B",
   "nombre": "INFORMAC. ACTIVO DEL SIGLO XXI"
 },
 {
   "codigo": "ISIS2203L",
   "nombre": "LAB INFRAESTRUCTURA COMPUTACIO"
 },
 {
   "codigo": "ISIS2503L",
   "nombre": "LAB. ARQUITEC. Y DISEÑO DE SW"
 },
 {
   "codigo": "ISISISIS2603L",
   "nombre": "LAB DLLO DE SW EN EQUIPO"
 },
 {
   "codigo": "ISIS3204L",
   "nombre": "LAB INFRAEST DE COMUNICACIONES"
 },
 {
   "codigo": "ISIS3302L",
   "nombre": "LAB MODELA, SIMULACION Y OPT"
 },
 {
   "codigo": "ISIS3510L",
   "nombre": "LAB. CONSTR. APLICAC. MOVILES"
 }
]