[
 {
   "codigo": "MATE1010",
   "nombre": "SEMINARIO DE MATEMATICAS"
 },
 {
   "codigo": "MATE1102",
   "nombre": "MATEMATICA ESTRUCTURAL"
 },
 {
   "codigo": "MATE1103",
   "nombre": "TEORIA DE NUMEROS"
 },
 {
   "codigo": "MATE1104",
   "nombre": "TEORIA DE GRAFOS."
 },
 {
   "codigo": "MATE1105",
   "nombre": "ALGEBRA LINEAL 1"
 },
 {
   "codigo": "MATE1106",
   "nombre": "ALGEBRA LINEAL 1 (HONORES)"
 },
 {
   "codigo": "MATE1107",
   "nombre": "ALGEBRA LINEAL 2"
 },
 {
   "codigo": "MATE1201",
   "nombre": "PRECALCULO"
 },
 {
   "codigo": "MATE1203",
   "nombre": "CALCULO DIFERENCIAL"
 },
 {
   "codigo": "MATE1204",
   "nombre": "CALCULO DIFERENCIAL (HONORES)"
 },
 {
   "codigo": "MATE1207",
   "nombre": "CALCULO VECTORIAL"
 },
 {
   "codigo": "MATE1208",
   "nombre": "CALCULO VECTORIAL (HONORES)"
 },
 {
   "codigo": "MATE1209",
   "nombre": "CALCULO 3 (ECONOMIA,ADMON)"
 },
 {
   "codigo": "MATE1212",
   "nombre": "MATEMATICAS 1 (BIO-MED)"
 },
 {
   "codigo": "MATE1213",
   "nombre": "MATEMATICAS 3 (BIO-MED)"
 },
 {
   "codigo": "MATE1214",
   "nombre": "CALCULO INTEGRAL-ECUAC.DIFEREN"
 },
 {
   "codigo": "MATE1215",
   "nombre": "CALC. INTEGR-ECUAC.DIFER (HON)"
 },
 {
   "codigo": "MATE1251",
   "nombre": "MÉTODOS CUANTITATIVOS"
 },
 {
   "codigo": "MATE1252",
   "nombre": "CALCULO INTEGRAL-PROBABILIDAD"
 },
 {
   "codigo": "MATE1253",
   "nombre": "CALCULO 3 Y ALGEBRA LINEAL 1"
 },
 {
   "codigo": "MATE1501",
   "nombre": "ESTADISTICA 1 (C.SOCIALES)"
 },
 {
   "codigo": "MATE1502",
   "nombre": "ESTADISTICA 2 (C. SOCIALES)"
 },
 {
   "codigo": "MATE1505",
   "nombre": "PROB. Y ESTADISTICA 1"
 },
 {
   "codigo": "MATE1506",
   "nombre": "PROB.Y ESTADISTICA 2"
 },
 {
   "codigo": "MATE1507",
   "nombre": "MATEMATICAS 2 (BIO-MED)"
 },
 {
   "codigo": "MATE1508",
   "nombre": "ESTADISTICA (CONTADURIA)"
 },
 {
   "codigo": "MATE2101",
   "nombre": "ALGEBRA ABSTRACTA 1"
 },
 {
   "codigo": "MATE2113",
   "nombre": "COMBINATORIA ENUMERATIVA"
 },
 {
   "codigo": "MATE2201",
   "nombre": "ANALISIS 1"
 },
 {
   "codigo": "MATE2210",
   "nombre": "CALC VARIABLE COMPL (INGENIER)"
 },
 {
   "codigo": "MATE2211",
   "nombre": "CALCULO VARIABLE COMPLEJA"
 },
 {
   "codigo": "MATE2301",
   "nombre": "ECUACIONES DIFERENCIALES"
 },
 {
   "codigo": "MATE2506",
   "nombre": "PROBABILIDAD Y ESTADIST.(ECON)"
 },
 {
   "codigo": "MATE2507",
   "nombre": "PROB. Y ESTAD ASUNTOS PUBLICOS"
 },
 {
   "codigo": "MATE2711",
   "nombre": "METODOS MATEM. PARA ECONO."
 },
 {
   "codigo": "MATE2722",
   "nombre": "MOD. POBLACION Y EPIDEMIOLOGIA"
 },
 {
   "codigo": "MATE3101",
   "nombre": "ALGEBRA ABSTRACTA 2"
 },
 {
   "codigo": "MATE3120",
   "nombre": "LOGICA 1"
 },
 {
   "codigo": "MATE3132",
   "nombre": "TEORIA DE CONJUNTOS 2"
 },
 {
   "codigo": "MATE3147",
   "nombre": "CUERPOS PSEUDO FINITOS"
 },
 {
   "codigo": "MATE3302",
   "nombre": "ECUAC.DE LA FISICA MATEMATICA"
 },
 {
   "codigo": "MATE3401",
   "nombre": "GEOMETRIA RIEMANNIANA"
 },
 {
   "codigo": "MATE3410",
   "nombre": "GEOMETRIA DIFERENCIAL 2"
 },
 {
   "codigo": "MATE3420",
   "nombre": "TOPOLOGIA 1"
 },
 {
   "codigo": "MATE3422",
   "nombre": "TOPOLOGIA ALGEBRAICA"
 },
 {
   "codigo": "MATE3441",
   "nombre": "HACES FIBRADOS"
 },
 {
   "codigo": "MATE3510",
   "nombre": "PROCESOS ESTOCASTICOS"
 },
 {
   "codigo": "MATE3520",
   "nombre": "ESTADISTICA MATEMATICA 1"
 },
 {
   "codigo": "MATE3533",
   "nombre": "PROCESOS DE LEVY"
 },
 {
   "codigo": "MATE3707",
   "nombre": "INTROD. OPTIMIZACION CONVEXA"
 },
 {
   "codigo": "MATE3712",
   "nombre": "TEORIA DE JUEGOS"
 },
 {
   "codigo": "MATE3801",
   "nombre": "PRACTICA ENSENANZA 1"
 },
 {
   "codigo": "MATE3802",
   "nombre": "PRACTICA ENSENANZA 2"
 },
 {
   "codigo": "MATE3902",
   "nombre": "PROYECTO DE GRADO"
 },
 {
   "codigo": "MATE3904",
   "nombre": "SEMINARIO PROYECTO DE GRADO 1"
 },
 {
   "codigo": "MATE3905",
   "nombre": "SEMINARIO PROYECTO DE GRADO 2"
 },
 {
   "codigo": "MATE4001",
   "nombre": "CURSO TUTORIAL DE POSGRADO"
 },
 {
   "codigo": "MATE4101",
   "nombre": "ALGEBRA CONMUTATIVA"
 },
 {
   "codigo": "MATE4130",
   "nombre": "TEORIA DE CONJUNTOS 2"
 },
 {
   "codigo": "MATE4147",
   "nombre": "CUERPOS PSEUDO FINITOS"
 },
 {
   "codigo": "MATE4173",
   "nombre": "ALGEBRA ABSTRACTA 2"
 },
 {
   "codigo": "MATE4220",
   "nombre": "MEDIDA E INTEGRACION"
 },
 {
   "codigo": "MATE4401",
   "nombre": "GEOMETRIA RIEMANNIANA"
 },
 {
   "codigo": "MATE4421",
   "nombre": "TOPOLOGIA ALGEBRAICA"
 },
 {
   "codigo": "MATE4441",
   "nombre": "HACES FIBRADOS"
 },
 {
   "codigo": "MATE4533",
   "nombre": "PROCESOS DE LEVY"
 },
 {
   "codigo": "MATE4707",
   "nombre": "INTROD. OPTIMIZACIÓN CONVEXA"
 },
 {
   "codigo": "MATE4901",
   "nombre": "SEMINARIO DE POSTGRADO 1"
 },
 {
   "codigo": "MATE4902",
   "nombre": "SEMINARIO DE POSTGRADO 2"
 },
 {
   "codigo": "MATE4903",
   "nombre": "SEMINARIO DE TRABAJO DE GRADO"
 },
 {
   "codigo": "MATE4904",
   "nombre": "TRABAJO DE GRADO"
 },
 {
   "codigo": "MATE6901",
   "nombre": "SEMINARIO DE POSTGRADO 1"
 },
 {
   "codigo": "MATE6902",
   "nombre": "SEMINARIO DE POSTGRADO 2"
 },
 {
   "codigo": "MATE6903",
   "nombre": "PROYECTO DE TESIS 1"
 },
 {
   "codigo": "MATE6904",
   "nombre": "PROYECTO DE TESIS 2"
 },
 {
   "codigo": "MATE6970",
   "nombre": "EXAMEN DE CONOCIMIENTO 1"
 },
 {
   "codigo": "MATE6971",
   "nombre": "EXAMEN DE CONOCIMIENTO 2"
 },
 {
   "codigo": "MATE6975",
   "nombre": "SUSTENTACIÓN DE PROYECTO"
 },
 {
   "codigo": "MATE6979",
   "nombre": "PASANTIA"
 },
 {
   "codigo": "MATE6980",
   "nombre": "PRETESIS 1"
 },
 {
   "codigo": "MATE6981",
   "nombre": "PRETESIS 2"
 },
 {
   "codigo": "MATE6982",
   "nombre": "PRETESIS 3"
 },
 {
   "codigo": "MATE6989",
   "nombre": "TESIS"
 },
 {
   "codigo": "MATE6990",
   "nombre": "DEFENSA DE TESIS"
 },
 {
   "codigo": "MATE0002",
   "nombre": "PROFUNDIZACION EN CALCULO DIFE"
 },
 {
   "codigo": "MATE1002B",
   "nombre": "MATEMATICAS Y CIVILIZACION"
 },
 {
   "codigo": "MATE1041B",
   "nombre": "GEOMETRIA SAGRADA"
 },
 {
   "codigo": "MATE1064B",
   "nombre": "PENSAM. A TRAVES DE LOS NUME."
 },
 {
   "codigo": "MATE1105C",
   "nombre": "ALGEBRA LINEAL 1 COMPL"
 },
 {
   "codigo": "MATE1203C",
   "nombre": "CALCULO DIFERENCIAL COMPL."
 },
 {
   "codigo": "MATE1207C",
   "nombre": "CAL. VECTORIAL COMPL"
 },
 {
   "codigo": "MATE1209C",
   "nombre": "CALCULO 3 (ECON.ADMN) - COMPL."
 },
 {
   "codigo": "MATE1214C",
   "nombre": "CALC.INTEG-ECUAC.DIFEREN COMPL"
 },
 {
   "codigo": "MATE1252C",
   "nombre": "CALCULO INTEGRAL-PROBAB COMPL"
 },
 {
   "codigo": "MATE1442B",
   "nombre": "IDEAS EN ESPACIO Y TIEMPO"
 },
 {
   "codigo": "MATE2301C",
   "nombre": "ECUACIONES DIFERENCIALES COMPL"
 }
]